Workbook

Sheet Dashboard
A1: GridSight | Monthly Energy Analyst Pack | B1: GridSight | Monthly Energy Analyst Pack | C1: GridSight | Monthly Energy Analyst Pack | D1: GridSight | Monthly Energy Analyst Pack | E1: GridSight | Monthly Energy Analyst Pack | F1: GridSight | Monthly Energy Analyst Pack | G1: GridSight | Monthly Energy Analyst Pack | H1: GridSight | Monthly Energy Analyst Pack | I1: GridSight | Monthly Energy Analyst Pack | J1: GridSight | Monthly Energy Analyst Pack | K1: GridSight | Monthly Energy Analyst Pack | L1: GridSight | Monthly Energy Analyst Pack | M1: GridSight | Monthly Energy Analyst Pack | N1: GridSight | Monthly Energy Analyst Pack | O1: GridSight | Monthly Energy Analyst Pack | P1: GridSight | Monthly Energy Analyst Pack
A2: GridSight | Monthly Energy Analyst Pack | B2: GridSight | Monthly Energy Analyst Pack | C2: GridSight | Monthly Energy Analyst Pack | D2: GridSight | Monthly Energy Analyst Pack | E2: GridSight | Monthly Energy Analyst Pack | F2: GridSight | Monthly Energy Analyst Pack | G2: GridSight | Monthly Energy Analyst Pack | H2: GridSight | Monthly Energy Analyst Pack | I2: GridSight | Monthly Energy Analyst Pack | J2: GridSight | Monthly Energy Analyst Pack | K2: GridSight | Monthly Energy Analyst Pack | L2: GridSight | Monthly Energy Analyst Pack | M2: GridSight | Monthly Energy Analyst Pack | N2: GridSight | Monthly Energy Analyst Pack | O2: GridSight | Monthly Energy Analyst Pack | P2: GridSight | Monthly Energy Analyst Pack
A3: Germany / DE-LU | 2022-2025 | Checked monthly reporting product | Europe/Berlin calendar | B3: Germany / DE-LU | 2022-2025 | Checked monthly reporting product | Europe/Berlin calendar | C3: Germany / DE-LU | 2022-2025 | Checked monthly reporting product | Europe/Berlin calendar | D3: Germany / DE-LU | 2022-2025 | Checked monthly reporting product | Europe/Berlin calendar | E3: Germany / DE-LU | 2022-2025 | Checked monthly reporting product | Europe/Berlin calendar | F3: Germany / DE-LU | 2022-2025 | Checked monthly reporting product | Europe/Berlin calendar | G3: Germany / DE-LU | 2022-2025 | Checked monthly reporting product | Europe/Berlin calendar | H3: Germany / DE-LU | 2022-2025 | Checked monthly reporting product | Europe/Berlin calendar | I3: Germany / DE-LU | 2022-2025 | Checked monthly reporting product | Europe/Berlin calendar | J3: Germany / DE-LU | 2022-2025 | Checked monthly reporting product | Europe/Berlin calendar | K3: Germany / DE-LU | 2022-2025 | Checked monthly reporting product | Europe/Berlin calendar | L3: Germany / DE-LU | 2022-2025 | Checked monthly reporting product | Europe/Berlin calendar | M3: Germany / DE-LU | 2022-2025 | Checked monthly reporting product | Europe/Berlin calendar | N3: Germany / DE-LU | 2022-2025 | Checked monthly reporting product | Europe/Berlin calendar | O3: Germany / DE-LU | 2022-2025 | Checked monthly reporting product | Europe/Berlin calendar | P3: Germany / DE-LU | 2022-2025 | Checked monthly reporting product | Europe/Berlin calendar
A5: Total grid load | B5: Total grid load | C5: Total grid load | D5: Total grid load | E5: Average grid load | F5: Average grid load | G5: Average grid load | H5: Average grid load | I5: Renewable share of reported generation | J5: Renewable share of reported generation | K5: Renewable share of reported generation | L5: Renewable share of reported generation | M5: Average day-ahead price | N5: Average day-ahead price | O5: Average day-ahead price | P5: Average day-ahead price
A6: =SUM(MonthlyEnergy!$H$2:$H$49)/1000000 -> 1871.9982 | E6: =SUM(MonthlyEnergy!$H$2:$H$49)/SUM(MonthlyEnergy!$G$2:$G$49)/1000 -> 53.38804 | I6: =SUM(MonthlyEnergy!$L$2:$L$49)/SUM(MonthlyEnergy!$K$2:$K$49) -> 0.54608048 | M6: =SUM(MonthlyEnergy!$AC$2:$AC$49)/SUM(MonthlyEnergy!$G$2:$G$49) -> 124.58291
A10: Peak grid load | B10: Peak grid load | C10: Peak grid load | D10: Peak grid load | E10: Negative-price hours | F10: Negative-price hours | G10: Negative-price hours | H10: Negative-price hours | I10: Negative-price share | J10: Negative-price share | K10: Negative-price share | L10: Negative-price share | M10: Unavailable generation values | N10: Unavailable generation values | O10: Unavailable generation values | P10: Unavailable generation values
A11: =MAX(MonthlyEnergy!$J$2:$J$49)/1000 -> 78.6805 | E11: =SUM(MonthlyEnergy!$S$2:$S$49) -> 1400 | I11: =SUM(MonthlyEnergy!$S$2:$S$49)/SUM(MonthlyEnergy!$G$2:$G$49) -> 0.039926991 | M11: =SUM(MonthlyEnergy!$T$2:$T$49) -> 16836
A33: Interpretation notes | B33: Interpretation notes | C33: Interpretation notes | D33: Interpretation notes | E33: Interpretation notes | F33: Interpretation notes | G33: Interpretation notes | H33: Interpretation notes | I33: Interpretation notes | J33: Interpretation notes | K33: Interpretation notes | L33: Interpretation notes | M33: Interpretation notes | N33: Interpretation notes | O33: Interpretation notes | P33: Interpretation notes
A34: • Renewable share rose from 46.66% in 2022 to 58.86% in 2025.
A35: • The all-period average day-ahead price was 124.58 EUR/MWh; 2022 was unusually high at 235.45 EUR/MWh.
A36: • Negative-price hours increased from 69 in 2022 to 573 in 2025; this is descriptive, not a causal estimate.
A37: • Nuclear source markers remain unavailable rather than being converted to measured zero.
A39: Source: Bundesnetzagentur | SMARD.de • Fixed portfolio extract; not a production feed • See Reconciliation for exact checks | B39: Source: Bundesnetzagentur | SMARD.de • Fixed portfolio extract; not a production feed • See Reconciliation for exact checks | C39: Source: Bundesnetzagentur | SMARD.de • Fixed portfolio extract; not a production feed • See Reconciliation for exact checks | D39: Source: Bundesnetzagentur | SMARD.de • Fixed portfolio extract; not a production feed • See Reconciliation for exact checks | E39: Source: Bundesnetzagentur | SMARD.de • Fixed portfolio extract; not a production feed • See Reconciliation for exact checks | F39: Source: Bundesnetzagentur | SMARD.de • Fixed portfolio extract; not a production feed • See Reconciliation for exact checks | G39: Source: Bundesnetzagentur | SMARD.de • Fixed portfolio extract; not a production feed • See Reconciliation for exact checks | H39: Source: Bundesnetzagentur | SMARD.de • Fixed portfolio extract; not a production feed • See Reconciliation for exact checks | I39: Source: Bundesnetzagentur | SMARD.de • Fixed portfolio extract; not a production feed • See Reconciliation for exact checks | J39: Source: Bundesnetzagentur | SMARD.de • Fixed portfolio extract; not a production feed • See Reconciliation for exact checks | K39: Source: Bundesnetzagentur | SMARD.de • Fixed portfolio extract; not a production feed • See Reconciliation for exact checks | L39: Source: Bundesnetzagentur | SMARD.de • Fixed portfolio extract; not a production feed • See Reconciliation for exact checks | M39: Source: Bundesnetzagentur | SMARD.de • Fixed portfolio extract; not a production feed • See Reconciliation for exact checks | N39: Source: Bundesnetzagentur | SMARD.de • Fixed portfolio extract; not a production feed • See Reconciliation for exact checks | O39: Source: Bundesnetzagentur | SMARD.de • Fixed portfolio extract; not a production feed • See Reconciliation for exact checks | P39: Source: Bundesnetzagentur | SMARD.de • Fixed portfolio extract; not a production feed • See Reconciliation for exact checks

Sheet MonthlyEnergy
A1: month_key | B1: month_start | C1: calendar_year | D1: month_number | E1: month_name | F1: observed_day_count | G1: observed_hour_count | H1: grid_load_mwh | I1: average_grid_load_mw | J1: peak_grid_load_mw | K1: reported_generation_mwh | L1: renewable_generation_mwh | M1: conventional_generation_mwh | N1: storage_generation_mwh | O1: renewable_share_of_reported_generation_percent | P1: average_day_ahead_price_eur_per_mwh | Q1: minimum_day_ahead_price_eur_per_mwh | R1: maximum_day_ahead_price_eur_per_mwh | S1: negative_price_hour_count | T1: unavailable_generation_value_count | U1: year_month | V1: grid_load_twh | W1: average_grid_load_gw | X1: peak_grid_load_gw | Y1: renewable_generation_twh | Z1: conventional_generation_twh | AA1: storage_generation_twh | AB1: negative_price_hour_share | AC1: price_hour_weighted_sum
A2: 202201 | B2: 44562 | C2: 2022 | D2: 1 | E2: January | F2: 31 | G2: 744 | H2: 46287079 | I2: 62213.82 | J2: 78152.25 | K2: 48398977 | L2: 21504008 | M2: 26075882 | N2: 819087.75 | O2: 44.43 | P2: 167.73 | Q2: -1.05 | R2: 399.85 | S2: 4 | T2: 0 | U2: 2022-01 | V2: 46.287079 | W2: 62.21382 | X2: 78.15225 | Y2: 21.504008 | Z2: 26.075882 | AA2: 0.81908775 | AB2: 0.0053763441 | AC2: 124791.12
A3: 202202 | B3: 44593 | C3: 2022 | D3: 2 | E3: February | F3: 28 | G3: 672 | H3: 42317899 | I3: 62973.06 | J3: 78680.5 | K3: 46915026 | L3: 26781675 | M3: 19446324 | N3: 687026.75 | O3: 57.09 | P3: 128.8 | Q3: -0.52 | R3: 322.9 | S3: 4 | T3: 0 | U3: 2022-02 | V3: 42.317899 | W3: 62.97306 | X3: 78.6805 | Y3: 26.781675 | Z3: 19.446324 | AA3: 0.68702675 | AB3: 0.005952381 | AC3: 86553.6
A4: 202203 | B4: 44621 | C4: 2022 | D4: 3 | E4: March | F4: 31 | G4: 743 | H4: 43923260 | I4: 59116.1 | J4: 71826 | K4: 45576779 | L4: 18129298 | M4: 26676980 | N4: 770501.5 | O4: 39.78 | P4: 252.01 | Q4: -19.04 | R4: 700 | S4: 6 | T4: 0 | U4: 2022-03 | V4: 43.92326 | W4: 59.1161 | X4: 71.826 | Y4: 18.129298 | Z4: 26.67698 | AA4: 0.7705015 | AB4: 0.0080753701 | AC4: 187243.43
A5: 202204 | B5: 44652 | C5: 2022 | D5: 4 | E5: April | F5: 30 | G5: 720 | H5: 40131877 | I5: 55738.72 | J5: 75903.5 | K5: 42519756 | L5: 21451594 | M5: 20342486 | N5: 725676.75 | O5: 50.45 | P5: 165.73 | Q5: -2.49 | R5: 309.93 | S5: 5 | T5: 0 | U5: 2022-04 | V5: 40.131877 | W5: 55.73872 | X5: 75.9035 | Y5: 21.451594 | Z5: 20.342486 | AA5: 0.72567675 | AB5: 0.0069444444 | AC5: 119325.6
A6: 202205 | B6: 44682 | C6: 2022 | D6: 5 | E6: May | F6: 31 | G6: 744 | H6: 39880332 | I6: 53602.6 | J6: 69070 | K6: 38125370 | L6: 20089724 | M6: 17284558 | N6: 751087.5 | O6: 52.69 | P6: 177.48 | Q6: -13.85 | R6: 298.21 | S6: 16 | T6: 0 | U6: 2022-05 | V6: 39.880333 | W6: 53.6026 | X6: 69.07 | Y6: 20.089724 | Z6: 17.284558 | AA6: 0.7510875 | AB6: 0.021505376 | AC6: 132045.12
A7: 202206 | B7: 44713 | C7: 2022 | D7: 6 | E7: June | F7: 30 | G7: 720 | H7: 37360445 | I7: 51889.51 | J7: 65747.25 | K7: 36809854 | L7: 17997422 | M7: 17983194 | N7: 829239.25 | O7: 48.89 | P7: 218.03 | Q7: -0.59 | R7: 500 | S7: 3 | T7: 0 | U7: 2022-06 | V7: 37.360445 | W7: 51.88951 | X7: 65.74725 | Y7: 17.997422 | Z7: 17.983193 | AA7: 0.82923925 | AB7: 0.0041666667 | AC7: 156981.6
A8: 202207 | B8: 44743 | C8: 2022 | D8: 7 | E8: July | F8: 31 | G8: 744 | H8: 38359782 | I8: 51558.85 | J8: 67201.5 | K8: 41808608 | L8: 19401326 | M8: 21458211 | N8: 949070.75 | O8: 46.41 | P8: 315 | Q8: -0.1 | R8: 679.54 | S8: 2 | T8: 0 | U8: 2022-07 | V8: 38.359782 | W8: 51.55885 | X8: 67.2015 | Y8: 19.401326 | Z8: 21.458211 | AA8: 0.94907075 | AB8: 0.002688172 | AC8: 234360
A9: 202208 | B9: 44774 | C9: 2022 | D9: 8 | E9: August | F9: 31 | G9: 744 | H9: 37448427 | I9: 50333.91 | J9: 64180 | K9: 37772540 | L9: 16011792 | M9: 20966857 | N9: 793891.75 | O9: 42.39 | P9: 465.18 | Q9: 13.29 | R9: 871 | S9: 0 | T9: 0 | U9: 2022-08 | V9: 37.448427 | W9: 50.33391 | X9: 64.18 | Y9: 16.011792 | Z9: 20.966857 | AA9: 0.79389175 | AB9: 0 | AC9: 346093.92
A10: 202209 | B10: 44805 | C10: 2022 | D10: 9 | E10: September | F10: 30 | G10: 720 | H10: 37354092 | I10: 51880.68 | J10: 66091.5 | K10: 38543341 | L10: 17020270 | M10: 20676818 | N10: 846252.75 | O10: 44.16 | P10: 346.12 | Q10: 2 | R10: 729.9 | S10: 0 | T10: 0 | U10: 2022-09 | V10: 37.354092 | W10: 51.88068 | X10: 66.0915 | Y10: 17.02027 | Z10: 20.676817 | AA10: 0.84625275 | AB10: 0 | AC10: 249206.4
A11: 202210 | B11: 44835 | C11: 2022 | D11: 10 | E11: October | F11: 31 | G11: 745 | H11: 38545247 | I11: 51738.59 | J11: 65808.75 | K11: 38569945 | L11: 19055695 | M11: 18557774 | N11: 956476.75 | O11: 49.41 | P11: 152.6 | Q11: 0.1 | R11: 497.39 | S11: 0 | T11: 0 | U11: 2022-10 | V11: 38.545247 | W11: 51.73859 | X11: 65.80875 | Y11: 19.055695 | Z11: 18.557773 | AA11: 0.95647675 | AB11: 0 | AC11: 113687
A12: 202211 | B12: 44866 | C12: 2022 | D12: 11 | E12: November | F12: 30 | G12: 720 | H12: 39774611 | I12: 55242.52 | J12: 69343.75 | K12: 41997886 | L12: 18813026 | M12: 22183392 | N12: 1001468.8 | O12: 44.8 | P12: 173.63 | Q12: 0.09 | R12: 503.55 | S12: 0 | T12: 0 | U12: 2022-11 | V12: 39.774611 | W12: 55.24252 | X12: 69.34375 | Y12: 18.813025 | Z12: 22.183391 | AA12: 1.0014687 | AB12: 0 | AC12: 125013.6
A13: 202212 | B13: 44896 | C13: 2022 | D13: 12 | E13: December | F13: 31 | G13: 744 | H13: 40912897 | I13: 54990.45 | J13: 71538 | K13: 42943392 | L13: 17038086 | M13: 24881263 | N13: 1024043.2 | O13: 39.68 | P13: 251.62 | Q13: -3.78 | R13: 665.01 | S13: 29 | T13: 0 | U13: 2022-12 | V13: 40.912897 | W13: 54.99045 | X13: 71.538 | Y13: 17.038086 | Z13: 24.881263 | AA13: 1.0240433 | AB13: 0.038978495 | AC13: 187205.28
... A49: 202512 | B49: 45992 | C49: 2025 | D49: 12 | E49: December | F49: 31 | G49: 744 | H49: 42304480 | I49: 56860.86 | J49: 73852.2 | K49: 39429885 | L49: 21712495 | M49: 16997675 | N49: 719716.24 | O49: 55.07 | P49: 93.47 | Q49: 3.51 | R49: 308.35 | S49: 0 | T49: 744 | U49: 2025-12 | V49: 42.30448 | W49: 56.86086 | X49: 73.8522 | Y49: 21.712495 | Z49: 16.997675 | AA49: 0.71971624 | AB49: 0 | AC49: 69541.68

Sheet Setup
A1: GridSight | Workbook setup | B1: GridSight | Workbook setup | C1: GridSight | Workbook setup | D1: GridSight | Workbook setup | E1: GridSight | Workbook setup | F1: GridSight | Workbook setup | G1: GridSight | Workbook setup | H1: GridSight | Workbook setup
A2: GridSight | Workbook setup | B2: GridSight | Workbook setup | C2: GridSight | Workbook setup | D2: GridSight | Workbook setup | E2: GridSight | Workbook setup | F2: GridSight | Workbook setup | G2: GridSight | Workbook setup | H2: GridSight | Workbook setup
A3: Set the repository path once, then use Data > Refresh All for the embedded query and PivotTable. | B3: Set the repository path once, then use Data > Refresh All for the embedded query and PivotTable. | C3: Set the repository path once, then use Data > Refresh All for the embedded query and PivotTable. | D3: Set the repository path once, then use Data > Refresh All for the embedded query and PivotTable. | E3: Set the repository path once, then use Data > Refresh All for the embedded query and PivotTable. | F3: Set the repository path once, then use Data > Refresh All for the embedded query and PivotTable. | G3: Set the repository path once, then use Data > Refresh All for the embedded query and PivotTable. | H3: Set the repository path once, then use Data > Refresh All for the embedded query and PivotTable.
A5: Refresh parameters | B5: Refresh parameters
A7: Parameter | B7: Value
A8: ProjectRoot | B8: C:\path\to\GridSight
A9: SampleRelativePath | B9: data\samples\monthly_energy_sample.csv
A11: Activation steps | B11: Activation steps | C11: Activation steps | D11: Activation steps | E11: Activation steps | F11: Activation steps | G11: Activation steps | H11: Activation steps
A12: 1 | B12: Replace ProjectRoot above with this repository's local root.
A13: 2 | B13: Use Data > Refresh All to refresh the embedded MonthlyEnergy query.
A14: 3 | B14: Confirm MonthlyEnergy contains 48 rows covering 2022-2025.
A15: 4 | B15: Confirm Native Pivot grand total remains 1,872.00 TWh.
A16: 5 | B16: Review Reconciliation and confirm every status remains PASS.
A18: Auditable source contract | B18: Auditable source contract | C18: Auditable source contract | D18: Auditable source contract | E18: Auditable source contract | F18: Auditable source contract | G18: Auditable source contract | H18: Auditable source contract
A19: Input | B19: data/samples/monthly_energy_sample.csv
A20: Grain | B20: One Europe/Berlin month
A21: Scope | B21: 48 complete months, 2022-2025
A22: Sample SHA-256 | B22: 86a17351935e5cf9bebec2b1bad8b6da00359363df09e8f65c73fd0422c78676
A23: Attribution | B23: Bundesnetzagentur | SMARD.de

Sheet Monthly Data
A1: month_key | B1: month_start | C1: calendar_year | D1: month_number | E1: month_name | F1: observed_day_count | G1: observed_hour_count | H1: grid_load_mwh | I1: average_grid_load_mw | J1: peak_grid_load_mw | K1: reported_generation_mwh | L1: renewable_generation_mwh | M1: conventional_generation_mwh | N1: storage_generation_mwh | O1: renewable_share_of_reported_generation_percent | P1: average_day_ahead_price_eur_per_mwh | Q1: minimum_day_ahead_price_eur_per_mwh | R1: maximum_day_ahead_price_eur_per_mwh | S1: negative_price_hour_count | T1: unavailable_generation_value_count | U1: year_month | V1: grid_load_twh | W1: average_grid_load_gw | X1: peak_grid_load_gw | Y1: renewable_generation_twh | Z1: conventional_generation_twh | AA1: storage_generation_twh | AB1: negative_price_hour_share | AC1: price_hour_weighted_sum
A2: 202201 | B2: 44562 | C2: 2022 | D2: 1 | E2: January | F2: 31 | G2: 744 | H2: 46287079 | I2: 62213.82 | J2: 78152.25 | K2: 48398977 | L2: 21504008 | M2: 26075882 | N2: 819087.75 | O2: 44.43 | P2: 167.73 | Q2: -1.05 | R2: 399.85 | S2: 4 | T2: 0 | U2: =YEAR(B2)&"-"&RIGHT("0"&MONTH(B2),2) -> 2022-01 | V2: =H2/1000000 -> 46.287079 | W2: =I2/1000 -> 62.21382 | X2: =J2/1000 -> 78.15225 | Y2: =L2/1000000 -> 21.504008 | Z2: =M2/1000000 -> 26.075882 | AA2: =N2/1000000 -> 0.81908775 | AB2: =S2/G2 -> 0.0053763441 | AC2: =P2*G2 -> 124791.12
A3: 202202 | B3: 44593 | C3: 2022 | D3: 2 | E3: February | F3: 28 | G3: 672 | H3: 42317899 | I3: 62973.06 | J3: 78680.5 | K3: 46915026 | L3: 26781675 | M3: 19446324 | N3: 687026.75 | O3: 57.09 | P3: 128.8 | Q3: -0.52 | R3: 322.9 | S3: 4 | T3: 0 | U3: =YEAR(B3)&"-"&RIGHT("0"&MONTH(B3),2) -> 2022-02 | V3: =H3/1000000 -> 42.317899 | W3: =I3/1000 -> 62.97306 | X3: =J3/1000 -> 78.6805 | Y3: =L3/1000000 -> 26.781675 | Z3: =M3/1000000 -> 19.446324 | AA3: =N3/1000000 -> 0.68702675 | AB3: =S3/G3 -> 0.005952381 | AC3: =P3*G3 -> 86553.6
A4: 202203 | B4: 44621 | C4: 2022 | D4: 3 | E4: March | F4: 31 | G4: 743 | H4: 43923260 | I4: 59116.1 | J4: 71826 | K4: 45576779 | L4: 18129298 | M4: 26676980 | N4: 770501.5 | O4: 39.78 | P4: 252.01 | Q4: -19.04 | R4: 700 | S4: 6 | T4: 0 | U4: =YEAR(B4)&"-"&RIGHT("0"&MONTH(B4),2) -> 2022-03 | V4: =H4/1000000 -> 43.92326 | W4: =I4/1000 -> 59.1161 | X4: =J4/1000 -> 71.826 | Y4: =L4/1000000 -> 18.129298 | Z4: =M4/1000000 -> 26.67698 | AA4: =N4/1000000 -> 0.7705015 | AB4: =S4/G4 -> 0.0080753701 | AC4: =P4*G4 -> 187243.43
A5: 202204 | B5: 44652 | C5: 2022 | D5: 4 | E5: April | F5: 30 | G5: 720 | H5: 40131877 | I5: 55738.72 | J5: 75903.5 | K5: 42519756 | L5: 21451594 | M5: 20342486 | N5: 725676.75 | O5: 50.45 | P5: 165.73 | Q5: -2.49 | R5: 309.93 | S5: 5 | T5: 0 | U5: =YEAR(B5)&"-"&RIGHT("0"&MONTH(B5),2) -> 2022-04 | V5: =H5/1000000 -> 40.131877 | W5: =I5/1000 -> 55.73872 | X5: =J5/1000 -> 75.9035 | Y5: =L5/1000000 -> 21.451594 | Z5: =M5/1000000 -> 20.342486 | AA5: =N5/1000000 -> 0.72567675 | AB5: =S5/G5 -> 0.0069444444 | AC5: =P5*G5 -> 119325.6
A6: 202205 | B6: 44682 | C6: 2022 | D6: 5 | E6: May | F6: 31 | G6: 744 | H6: 39880332 | I6: 53602.6 | J6: 69070 | K6: 38125370 | L6: 20089724 | M6: 17284558 | N6: 751087.5 | O6: 52.69 | P6: 177.48 | Q6: -13.85 | R6: 298.21 | S6: 16 | T6: 0 | U6: =YEAR(B6)&"-"&RIGHT("0"&MONTH(B6),2) -> 2022-05 | V6: =H6/1000000 -> 39.880333 | W6: =I6/1000 -> 53.6026 | X6: =J6/1000 -> 69.07 | Y6: =L6/1000000 -> 20.089724 | Z6: =M6/1000000 -> 17.284558 | AA6: =N6/1000000 -> 0.7510875 | AB6: =S6/G6 -> 0.021505376 | AC6: =P6*G6 -> 132045.12
A7: 202206 | B7: 44713 | C7: 2022 | D7: 6 | E7: June | F7: 30 | G7: 720 | H7: 37360445 | I7: 51889.51 | J7: 65747.25 | K7: 36809854 | L7: 17997422 | M7: 17983194 | N7: 829239.25 | O7: 48.89 | P7: 218.03 | Q7: -0.59 | R7: 500 | S7: 3 | T7: 0 | U7: =YEAR(B7)&"-"&RIGHT("0"&MONTH(B7),2) -> 2022-06 | V7: =H7/1000000 -> 37.360445 | W7: =I7/1000 -> 51.88951 | X7: =J7/1000 -> 65.74725 | Y7: =L7/1000000 -> 17.997422 | Z7: =M7/1000000 -> 17.983193 | AA7: =N7/1000000 -> 0.82923925 | AB7: =S7/G7 -> 0.0041666667 | AC7: =P7*G7 -> 156981.6
A8: 202207 | B8: 44743 | C8: 2022 | D8: 7 | E8: July | F8: 31 | G8: 744 | H8: 38359782 | I8: 51558.85 | J8: 67201.5 | K8: 41808608 | L8: 19401326 | M8: 21458211 | N8: 949070.75 | O8: 46.41 | P8: 315 | Q8: -0.1 | R8: 679.54 | S8: 2 | T8: 0 | U8: =YEAR(B8)&"-"&RIGHT("0"&MONTH(B8),2) -> 2022-07 | V8: =H8/1000000 -> 38.359782 | W8: =I8/1000 -> 51.55885 | X8: =J8/1000 -> 67.2015 | Y8: =L8/1000000 -> 19.401326 | Z8: =M8/1000000 -> 21.458211 | AA8: =N8/1000000 -> 0.94907075 | AB8: =S8/G8 -> 0.002688172 | AC8: =P8*G8 -> 234360
A9: 202208 | B9: 44774 | C9: 2022 | D9: 8 | E9: August | F9: 31 | G9: 744 | H9: 37448427 | I9: 50333.91 | J9: 64180 | K9: 37772540 | L9: 16011792 | M9: 20966857 | N9: 793891.75 | O9: 42.39 | P9: 465.18 | Q9: 13.29 | R9: 871 | S9: 0 | T9: 0 | U9: =YEAR(B9)&"-"&RIGHT("0"&MONTH(B9),2) -> 2022-08 | V9: =H9/1000000 -> 37.448427 | W9: =I9/1000 -> 50.33391 | X9: =J9/1000 -> 64.18 | Y9: =L9/1000000 -> 16.011792 | Z9: =M9/1000000 -> 20.966857 | AA9: =N9/1000000 -> 0.79389175 | AB9: =S9/G9 -> 0 | AC9: =P9*G9 -> 346093.92
A10: 202209 | B10: 44805 | C10: 2022 | D10: 9 | E10: September | F10: 30 | G10: 720 | H10: 37354092 | I10: 51880.68 | J10: 66091.5 | K10: 38543341 | L10: 17020270 | M10: 20676818 | N10: 846252.75 | O10: 44.16 | P10: 346.12 | Q10: 2 | R10: 729.9 | S10: 0 | T10: 0 | U10: =YEAR(B10)&"-"&RIGHT("0"&MONTH(B10),2) -> 2022-09 | V10: =H10/1000000 -> 37.354092 | W10: =I10/1000 -> 51.88068 | X10: =J10/1000 -> 66.0915 | Y10: =L10/1000000 -> 17.02027 | Z10: =M10/1000000 -> 20.676817 | AA10: =N10/1000000 -> 0.84625275 | AB10: =S10/G10 -> 0 | AC10: =P10*G10 -> 249206.4
A11: 202210 | B11: 44835 | C11: 2022 | D11: 10 | E11: October | F11: 31 | G11: 745 | H11: 38545247 | I11: 51738.59 | J11: 65808.75 | K11: 38569945 | L11: 19055695 | M11: 18557774 | N11: 956476.75 | O11: 49.41 | P11: 152.6 | Q11: 0.1 | R11: 497.39 | S11: 0 | T11: 0 | U11: =YEAR(B11)&"-"&RIGHT("0"&MONTH(B11),2) -> 2022-10 | V11: =H11/1000000 -> 38.545247 | W11: =I11/1000 -> 51.73859 | X11: =J11/1000 -> 65.80875 | Y11: =L11/1000000 -> 19.055695 | Z11: =M11/1000000 -> 18.557773 | AA11: =N11/1000000 -> 0.95647675 | AB11: =S11/G11 -> 0 | AC11: =P11*G11 -> 113687
A12: 202211 | B12: 44866 | C12: 2022 | D12: 11 | E12: November | F12: 30 | G12: 720 | H12: 39774611 | I12: 55242.52 | J12: 69343.75 | K12: 41997886 | L12: 18813026 | M12: 22183392 | N12: 1001468.8 | O12: 44.8 | P12: 173.63 | Q12: 0.09 | R12: 503.55 | S12: 0 | T12: 0 | U12: =YEAR(B12)&"-"&RIGHT("0"&MONTH(B12),2) -> 2022-11 | V12: =H12/1000000 -> 39.774611 | W12: =I12/1000 -> 55.24252 | X12: =J12/1000 -> 69.34375 | Y12: =L12/1000000 -> 18.813025 | Z12: =M12/1000000 -> 22.183391 | AA12: =N12/1000000 -> 1.0014687 | AB12: =S12/G12 -> 0 | AC12: =P12*G12 -> 125013.6
A13: 202212 | B13: 44896 | C13: 2022 | D13: 12 | E13: December | F13: 31 | G13: 744 | H13: 40912897 | I13: 54990.45 | J13: 71538 | K13: 42943392 | L13: 17038086 | M13: 24881263 | N13: 1024043.2 | O13: 39.68 | P13: 251.62 | Q13: -3.78 | R13: 665.01 | S13: 29 | T13: 0 | U13: =YEAR(B13)&"-"&RIGHT("0"&MONTH(B13),2) -> 2022-12 | V13: =H13/1000000 -> 40.912897 | W13: =I13/1000 -> 54.99045 | X13: =J13/1000 -> 71.538 | Y13: =L13/1000000 -> 17.038086 | Z13: =M13/1000000 -> 24.881263 | AA13: =N13/1000000 -> 1.0240433 | AB13: =S13/G13 -> 0.038978495 | AC13: =P13*G13 -> 187205.28
... A49: 202512 | B49: 45992 | C49: 2025 | D49: 12 | E49: December | F49: 31 | G49: 744 | H49: 42304480 | I49: 56860.86 | J49: 73852.2 | K49: 39429885 | L49: 21712495 | M49: 16997675 | N49: 719716.24 | O49: 55.07 | P49: 93.47 | Q49: 3.51 | R49: 308.35 | S49: 0 | T49: 744 | U49: =YEAR(B49)&"-"&RIGHT("0"&MONTH(B49),2) -> 2025-12 | V49: =H49/1000000 -> 42.30448 | W49: =I49/1000 -> 56.86086 | X49: =J49/1000 -> 73.8522 | Y49: =L49/1000000 -> 21.712495 | Z49: =M49/1000000 -> 16.997675 | AA49: =N49/1000000 -> 0.71971624 | AB49: =S49/G49 -> 0 | AC49: =P49*G49 -> 69541.68

Sheet Annual Summary
A1: GridSight | Annual energy summary | B1: GridSight | Annual energy summary | C1: GridSight | Annual energy summary | D1: GridSight | Annual energy summary | E1: GridSight | Annual energy summary | F1: GridSight | Annual energy summary | G1: GridSight | Annual energy summary | H1: GridSight | Annual energy summary | I1: GridSight | Annual energy summary | J1: GridSight | Annual energy summary | K1: GridSight | Annual energy summary
A2: GridSight | Annual energy summary | B2: GridSight | Annual energy summary | C2: GridSight | Annual energy summary | D2: GridSight | Annual energy summary | E2: GridSight | Annual energy summary | F2: GridSight | Annual energy summary | G2: GridSight | Annual energy summary | H2: GridSight | Annual energy summary | I2: GridSight | Annual energy summary | J2: GridSight | Annual energy summary | K2: GridSight | Annual energy summary
A3: Formula-backed rollup of the checked monthly reporting product; energy is summed and price is hour-weighted. | B3: Formula-backed rollup of the checked monthly reporting product; energy is summed and price is hour-weighted. | C3: Formula-backed rollup of the checked monthly reporting product; energy is summed and price is hour-weighted. | D3: Formula-backed rollup of the checked monthly reporting product; energy is summed and price is hour-weighted. | E3: Formula-backed rollup of the checked monthly reporting product; energy is summed and price is hour-weighted. | F3: Formula-backed rollup of the checked monthly reporting product; energy is summed and price is hour-weighted. | G3: Formula-backed rollup of the checked monthly reporting product; energy is summed and price is hour-weighted. | H3: Formula-backed rollup of the checked monthly reporting product; energy is summed and price is hour-weighted. | I3: Formula-backed rollup of the checked monthly reporting product; energy is summed and price is hour-weighted. | J3: Formula-backed rollup of the checked monthly reporting product; energy is summed and price is hour-weighted. | K3: Formula-backed rollup of the checked monthly reporting product; energy is summed and price is hour-weighted.
A5: Year | B5: Observed hours | C5: Grid load (TWh) | D5: Avg load (GW) | E5: Reported gen. (TWh) | F5: Renewable gen. (TWh) | G5: Renewable share | H5: Avg price (EUR/MWh) | I5: Negative hours | J5: Negative share | K5: Unavailable values
A6: 2022 | B6: =SUMIF(MonthlyEnergy!$C$2:$C$49,$A6,MonthlyEnergy!$G$2:$G$49) -> 8760 | C6: =SUMIF(MonthlyEnergy!$C$2:$C$49,$A6,MonthlyEnergy!$H$2:$H$49)/1000000 -> 482.29595 | D6: =SUMIF(MonthlyEnergy!$C$2:$C$49,$A6,MonthlyEnergy!$H$2:$H$49)/SUMIF(MonthlyEnergy!$C$2:$C$49,$A6,MonthlyEnergy!$G$2:$G$49)/1000 -> 55.056615 | E6: =SUMIF(MonthlyEnergy!$C$2:$C$49,$A6,MonthlyEnergy!$K$2:$K$49)/1000000 -> 499.98148 | F6: =SUMIF(MonthlyEnergy!$C$2:$C$49,$A6,MonthlyEnergy!$L$2:$L$49)/1000000 -> 233.29391 | G6: =SUMIF(MonthlyEnergy!$C$2:$C$49,$A6,MonthlyEnergy!$L$2:$L$49)/SUMIF(MonthlyEnergy!$C$2:$C$49,$A6,MonthlyEnergy!$K$2:$K$49) -> 0.46660512 | H6: =SUMIF(MonthlyEnergy!$C$2:$C$49,$A6,MonthlyEnergy!$AC$2:$AC$49)/B6 -> 235.44597 | I6: =SUMIF(MonthlyEnergy!$C$2:$C$49,$A6,MonthlyEnergy!$S$2:$S$49) -> 69 | J6: =I6/B6 -> 0.0078767123 | K6: =SUMIF(MonthlyEnergy!$C$2:$C$49,$A6,MonthlyEnergy!$T$2:$T$49) -> 0
A7: 2023 | B7: =SUMIF(MonthlyEnergy!$C$2:$C$49,$A7,MonthlyEnergy!$G$2:$G$49) -> 8760 | C7: =SUMIF(MonthlyEnergy!$C$2:$C$49,$A7,MonthlyEnergy!$H$2:$H$49)/1000000 -> 458.38173 | D7: =SUMIF(MonthlyEnergy!$C$2:$C$49,$A7,MonthlyEnergy!$H$2:$H$49)/SUMIF(MonthlyEnergy!$C$2:$C$49,$A7,MonthlyEnergy!$G$2:$G$49)/1000 -> 52.326682 | E7: =SUMIF(MonthlyEnergy!$C$2:$C$49,$A7,MonthlyEnergy!$K$2:$K$49)/1000000 -> 453.55034 | F7: =SUMIF(MonthlyEnergy!$C$2:$C$49,$A7,MonthlyEnergy!$L$2:$L$49)/1000000 -> 251.59137 | G7: =SUMIF(MonthlyEnergy!$C$2:$C$49,$A7,MonthlyEnergy!$L$2:$L$49)/SUMIF(MonthlyEnergy!$C$2:$C$49,$A7,MonthlyEnergy!$K$2:$K$49) -> 0.55471543 | H7: =SUMIF(MonthlyEnergy!$C$2:$C$49,$A7,MonthlyEnergy!$AC$2:$AC$49)/B7 -> 95.175751 | I7: =SUMIF(MonthlyEnergy!$C$2:$C$49,$A7,MonthlyEnergy!$S$2:$S$49) -> 301 | J7: =I7/B7 -> 0.034360731 | K7: =SUMIF(MonthlyEnergy!$C$2:$C$49,$A7,MonthlyEnergy!$T$2:$T$49) -> 0
A8: 2024 | B8: =SUMIF(MonthlyEnergy!$C$2:$C$49,$A8,MonthlyEnergy!$G$2:$G$49) -> 8784 | C8: =SUMIF(MonthlyEnergy!$C$2:$C$49,$A8,MonthlyEnergy!$H$2:$H$49)/1000000 -> 465.50286 | D8: =SUMIF(MonthlyEnergy!$C$2:$C$49,$A8,MonthlyEnergy!$H$2:$H$49)/SUMIF(MonthlyEnergy!$C$2:$C$49,$A8,MonthlyEnergy!$G$2:$G$49)/1000 -> 52.994405 | E8: =SUMIF(MonthlyEnergy!$C$2:$C$49,$A8,MonthlyEnergy!$K$2:$K$49)/1000000 -> 437.65448 | F8: =SUMIF(MonthlyEnergy!$C$2:$C$49,$A8,MonthlyEnergy!$L$2:$L$49)/1000000 -> 256.18399 | G8: =SUMIF(MonthlyEnergy!$C$2:$C$49,$A8,MonthlyEnergy!$L$2:$L$49)/SUMIF(MonthlyEnergy!$C$2:$C$49,$A8,MonthlyEnergy!$K$2:$K$49) -> 0.58535673 | H8: =SUMIF(MonthlyEnergy!$C$2:$C$49,$A8,MonthlyEnergy!$AC$2:$AC$49)/B8 -> 78.513666 | I8: =SUMIF(MonthlyEnergy!$C$2:$C$49,$A8,MonthlyEnergy!$S$2:$S$49) -> 457 | J8: =I8/B8 -> 0.052026412 | K8: =SUMIF(MonthlyEnergy!$C$2:$C$49,$A8,MonthlyEnergy!$T$2:$T$49) -> 8076
A9: 2025 | B9: =SUMIF(MonthlyEnergy!$C$2:$C$49,$A9,MonthlyEnergy!$G$2:$G$49) -> 8760 | C9: =SUMIF(MonthlyEnergy!$C$2:$C$49,$A9,MonthlyEnergy!$H$2:$H$49)/1000000 -> 465.81768 | D9: =SUMIF(MonthlyEnergy!$C$2:$C$49,$A9,MonthlyEnergy!$H$2:$H$49)/SUMIF(MonthlyEnergy!$C$2:$C$49,$A9,MonthlyEnergy!$G$2:$G$49)/1000 -> 53.175535 | E9: =SUMIF(MonthlyEnergy!$C$2:$C$49,$A9,MonthlyEnergy!$K$2:$K$49)/1000000 -> 437.89522 | F9: =SUMIF(MonthlyEnergy!$C$2:$C$49,$A9,MonthlyEnergy!$L$2:$L$49)/1000000 -> 257.75643 | G9: =SUMIF(MonthlyEnergy!$C$2:$C$49,$A9,MonthlyEnergy!$L$2:$L$49)/SUMIF(MonthlyEnergy!$C$2:$C$49,$A9,MonthlyEnergy!$K$2:$K$49) -> 0.58862581 | H9: =SUMIF(MonthlyEnergy!$C$2:$C$49,$A9,MonthlyEnergy!$AC$2:$AC$49)/B9 -> 89.322465 | I9: =SUMIF(MonthlyEnergy!$C$2:$C$49,$A9,MonthlyEnergy!$S$2:$S$49) -> 573 | J9: =I9/B9 -> 0.065410959 | K9: =SUMIF(MonthlyEnergy!$C$2:$C$49,$A9,MonthlyEnergy!$T$2:$T$49) -> 8760
A10: All | B10: =SUM(MonthlyEnergy!$G$2:$G$49) -> 35064 | C10: =SUM(MonthlyEnergy!$H$2:$H$49)/1000000 -> 1871.9982 | D10: =SUM(MonthlyEnergy!$H$2:$H$49)/SUM(MonthlyEnergy!$G$2:$G$49)/1000 -> 53.38804 | E10: =SUM(MonthlyEnergy!$K$2:$K$49)/1000000 -> 1829.0815 | F10: =SUM(MonthlyEnergy!$L$2:$L$49)/1000000 -> 998.82571 | G10: =SUM(MonthlyEnergy!$L$2:$L$49)/SUM(MonthlyEnergy!$K$2:$K$49) -> 0.54608048 | H10: =SUM(MonthlyEnergy!$AC$2:$AC$49)/B10 -> 124.58291 | I10: =SUM(MonthlyEnergy!$S$2:$S$49) -> 1400 | J10: =I10/B10 -> 0.039926991 | K10: =SUM(MonthlyEnergy!$T$2:$T$49) -> 16836

Sheet Pivot Analysis
A1: GridSight | Pivot analysis | B1: GridSight | Pivot analysis | C1: GridSight | Pivot analysis | D1: GridSight | Pivot analysis | E1: GridSight | Pivot analysis | F1: GridSight | Pivot analysis | G1: GridSight | Pivot analysis | H1: GridSight | Pivot analysis | I1: GridSight | Pivot analysis | J1: GridSight | Pivot analysis | K1: GridSight | Pivot analysis | L1: GridSight | Pivot analysis | M1: GridSight | Pivot analysis | N1: GridSight | Pivot analysis
A2: GridSight | Pivot analysis | B2: GridSight | Pivot analysis | C2: GridSight | Pivot analysis | D2: GridSight | Pivot analysis | E2: GridSight | Pivot analysis | F2: GridSight | Pivot analysis | G2: GridSight | Pivot analysis | H2: GridSight | Pivot analysis | I2: GridSight | Pivot analysis | J2: GridSight | Pivot analysis | K2: GridSight | Pivot analysis | L2: GridSight | Pivot analysis | M2: GridSight | Pivot analysis | N2: GridSight | Pivot analysis
A3: Monthly grid-load energy by year and month (TWh), summarized in a transparent formula-backed cross-tab. | B3: Monthly grid-load energy by year and month (TWh), summarized in a transparent formula-backed cross-tab. | C3: Monthly grid-load energy by year and month (TWh), summarized in a transparent formula-backed cross-tab. | D3: Monthly grid-load energy by year and month (TWh), summarized in a transparent formula-backed cross-tab. | E3: Monthly grid-load energy by year and month (TWh), summarized in a transparent formula-backed cross-tab. | F3: Monthly grid-load energy by year and month (TWh), summarized in a transparent formula-backed cross-tab. | G3: Monthly grid-load energy by year and month (TWh), summarized in a transparent formula-backed cross-tab. | H3: Monthly grid-load energy by year and month (TWh), summarized in a transparent formula-backed cross-tab. | I3: Monthly grid-load energy by year and month (TWh), summarized in a transparent formula-backed cross-tab. | J3: Monthly grid-load energy by year and month (TWh), summarized in a transparent formula-backed cross-tab. | K3: Monthly grid-load energy by year and month (TWh), summarized in a transparent formula-backed cross-tab. | L3: Monthly grid-load energy by year and month (TWh), summarized in a transparent formula-backed cross-tab. | M3: Monthly grid-load energy by year and month (TWh), summarized in a transparent formula-backed cross-tab. | N3: Monthly grid-load energy by year and month (TWh), summarized in a transparent formula-backed cross-tab.
B5: 1 | C5: 2 | D5: 3 | E5: 4 | F5: 5 | G5: 6 | H5: 7 | I5: 8 | J5: 9 | K5: 10 | L5: 11 | M5: 12
A6: Year | B6: Jan | C6: Feb | D6: Mar | E6: Apr | F6: May | G6: Jun | H6: Jul | I6: Aug | J6: Sep | K6: Oct | L6: Nov | M6: Dec | N6: Total
A7: 2022 | B7: =SUMIFS(MonthlyEnergy!$V$2:$V$49,MonthlyEnergy!$C$2:$C$49,$A7,MonthlyEnergy!$D$2:$D$49,B$5) -> 46.287079 | C7: =SUMIFS(MonthlyEnergy!$V$2:$V$49,MonthlyEnergy!$C$2:$C$49,$A7,MonthlyEnergy!$D$2:$D$49,C$5) -> 42.317899 | D7: =SUMIFS(MonthlyEnergy!$V$2:$V$49,MonthlyEnergy!$C$2:$C$49,$A7,MonthlyEnergy!$D$2:$D$49,D$5) -> 43.92326 | E7: =SUMIFS(MonthlyEnergy!$V$2:$V$49,MonthlyEnergy!$C$2:$C$49,$A7,MonthlyEnergy!$D$2:$D$49,E$5) -> 40.131877 | F7: =SUMIFS(MonthlyEnergy!$V$2:$V$49,MonthlyEnergy!$C$2:$C$49,$A7,MonthlyEnergy!$D$2:$D$49,F$5) -> 39.880333 | G7: =SUMIFS(MonthlyEnergy!$V$2:$V$49,MonthlyEnergy!$C$2:$C$49,$A7,MonthlyEnergy!$D$2:$D$49,G$5) -> 37.360445 | H7: =SUMIFS(MonthlyEnergy!$V$2:$V$49,MonthlyEnergy!$C$2:$C$49,$A7,MonthlyEnergy!$D$2:$D$49,H$5) -> 38.359782 | I7: =SUMIFS(MonthlyEnergy!$V$2:$V$49,MonthlyEnergy!$C$2:$C$49,$A7,MonthlyEnergy!$D$2:$D$49,I$5) -> 37.448427 | ... M7: =SUMIFS(MonthlyEnergy!$V$2:$V$49,MonthlyEnergy!$C$2:$C$49,$A7,MonthlyEnergy!$D$2:$D$49,M$5) -> 40.912897 | N7: =SUM(B7:M7) -> 482.29595
A8: 2023 | B8: =SUMIFS(MonthlyEnergy!$V$2:$V$49,MonthlyEnergy!$C$2:$C$49,$A8,MonthlyEnergy!$D$2:$D$49,B$5) -> 42.152954 | C8: =SUMIFS(MonthlyEnergy!$V$2:$V$49,MonthlyEnergy!$C$2:$C$49,$A8,MonthlyEnergy!$D$2:$D$49,C$5) -> 38.138075 | D8: =SUMIFS(MonthlyEnergy!$V$2:$V$49,MonthlyEnergy!$C$2:$C$49,$A8,MonthlyEnergy!$D$2:$D$49,D$5) -> 40.877975 | E8: =SUMIFS(MonthlyEnergy!$V$2:$V$49,MonthlyEnergy!$C$2:$C$49,$A8,MonthlyEnergy!$D$2:$D$49,E$5) -> 36.15615 | F8: =SUMIFS(MonthlyEnergy!$V$2:$V$49,MonthlyEnergy!$C$2:$C$49,$A8,MonthlyEnergy!$D$2:$D$49,F$5) -> 36.323273 | G8: =SUMIFS(MonthlyEnergy!$V$2:$V$49,MonthlyEnergy!$C$2:$C$49,$A8,MonthlyEnergy!$D$2:$D$49,G$5) -> 35.475149 | H8: =SUMIFS(MonthlyEnergy!$V$2:$V$49,MonthlyEnergy!$C$2:$C$49,$A8,MonthlyEnergy!$D$2:$D$49,H$5) -> 36.253498 | I8: =SUMIFS(MonthlyEnergy!$V$2:$V$49,MonthlyEnergy!$C$2:$C$49,$A8,MonthlyEnergy!$D$2:$D$49,I$5) -> 36.307265 | ... M8: =SUMIFS(MonthlyEnergy!$V$2:$V$49,MonthlyEnergy!$C$2:$C$49,$A8,MonthlyEnergy!$D$2:$D$49,M$5) -> 40.999103 | N8: =SUM(B8:M8) -> 458.38173
A9: 2024 | B9: =SUMIFS(MonthlyEnergy!$V$2:$V$49,MonthlyEnergy!$C$2:$C$49,$A9,MonthlyEnergy!$D$2:$D$49,B$5) -> 44.095498 | C9: =SUMIFS(MonthlyEnergy!$V$2:$V$49,MonthlyEnergy!$C$2:$C$49,$A9,MonthlyEnergy!$D$2:$D$49,C$5) -> 39.956911 | D9: =SUMIFS(MonthlyEnergy!$V$2:$V$49,MonthlyEnergy!$C$2:$C$49,$A9,MonthlyEnergy!$D$2:$D$49,D$5) -> 40.192602 | E9: =SUMIFS(MonthlyEnergy!$V$2:$V$49,MonthlyEnergy!$C$2:$C$49,$A9,MonthlyEnergy!$D$2:$D$49,E$5) -> 37.730956 | F9: =SUMIFS(MonthlyEnergy!$V$2:$V$49,MonthlyEnergy!$C$2:$C$49,$A9,MonthlyEnergy!$D$2:$D$49,F$5) -> 35.983513 | G9: =SUMIFS(MonthlyEnergy!$V$2:$V$49,MonthlyEnergy!$C$2:$C$49,$A9,MonthlyEnergy!$D$2:$D$49,G$5) -> 35.704641 | H9: =SUMIFS(MonthlyEnergy!$V$2:$V$49,MonthlyEnergy!$C$2:$C$49,$A9,MonthlyEnergy!$D$2:$D$49,H$5) -> 36.973713 | I9: =SUMIFS(MonthlyEnergy!$V$2:$V$49,MonthlyEnergy!$C$2:$C$49,$A9,MonthlyEnergy!$D$2:$D$49,I$5) -> 36.921844 | ... M9: =SUMIFS(MonthlyEnergy!$V$2:$V$49,MonthlyEnergy!$C$2:$C$49,$A9,MonthlyEnergy!$D$2:$D$49,M$5) -> 41.383116 | N9: =SUM(B9:M9) -> 465.50286
A10: 2025 | B10: =SUMIFS(MonthlyEnergy!$V$2:$V$49,MonthlyEnergy!$C$2:$C$49,$A10,MonthlyEnergy!$D$2:$D$49,B$5) -> 44.17069 | C10: =SUMIFS(MonthlyEnergy!$V$2:$V$49,MonthlyEnergy!$C$2:$C$49,$A10,MonthlyEnergy!$D$2:$D$49,C$5) -> 40.067317 | D10: =SUMIFS(MonthlyEnergy!$V$2:$V$49,MonthlyEnergy!$C$2:$C$49,$A10,MonthlyEnergy!$D$2:$D$49,D$5) -> 40.563595 | E10: =SUMIFS(MonthlyEnergy!$V$2:$V$49,MonthlyEnergy!$C$2:$C$49,$A10,MonthlyEnergy!$D$2:$D$49,E$5) -> 36.341729 | F10: =SUMIFS(MonthlyEnergy!$V$2:$V$49,MonthlyEnergy!$C$2:$C$49,$A10,MonthlyEnergy!$D$2:$D$49,F$5) -> 36.264728 | G10: =SUMIFS(MonthlyEnergy!$V$2:$V$49,MonthlyEnergy!$C$2:$C$49,$A10,MonthlyEnergy!$D$2:$D$49,G$5) -> 35.278341 | H10: =SUMIFS(MonthlyEnergy!$V$2:$V$49,MonthlyEnergy!$C$2:$C$49,$A10,MonthlyEnergy!$D$2:$D$49,H$5) -> 37.035779 | I10: =SUMIFS(MonthlyEnergy!$V$2:$V$49,MonthlyEnergy!$C$2:$C$49,$A10,MonthlyEnergy!$D$2:$D$49,I$5) -> 35.373436 | ... M10: =SUMIFS(MonthlyEnergy!$V$2:$V$49,MonthlyEnergy!$C$2:$C$49,$A10,MonthlyEnergy!$D$2:$D$49,M$5) -> 42.30448 | N10: =SUM(B10:M10) -> 465.81768
A11: All | B11: =SUM(B7:B10) -> 176.70622 | C11: =SUM(C7:C10) -> 160.4802 | D11: =SUM(D7:D10) -> 165.55743 | E11: =SUM(E7:E10) -> 150.36071 | F11: =SUM(F7:F10) -> 148.45185 | G11: =SUM(G7:G10) -> 143.81858 | H11: =SUM(H7:H10) -> 148.62277 | I11: =SUM(I7:I10) -> 146.05097 | ... N11: =SUM(N7:N10) -> 1871.9982

Sheet Reconciliation
A1: GridSight | KPI reconciliation | B1: GridSight | KPI reconciliation | C1: GridSight | KPI reconciliation | D1: GridSight | KPI reconciliation | E1: GridSight | KPI reconciliation | F1: GridSight | KPI reconciliation
A2: GridSight | KPI reconciliation | B2: GridSight | KPI reconciliation | C2: GridSight | KPI reconciliation | D2: GridSight | KPI reconciliation | E2: GridSight | KPI reconciliation | F2: GridSight | KPI reconciliation
A3: Every workbook KPI must agree with the frozen Power BI and SQL reporting contract within its declared tolerance. | B3: Every workbook KPI must agree with the frozen Power BI and SQL reporting contract within its declared tolerance. | C3: Every workbook KPI must agree with the frozen Power BI and SQL reporting contract within its declared tolerance. | D3: Every workbook KPI must agree with the frozen Power BI and SQL reporting contract within its declared tolerance. | E3: Every workbook KPI must agree with the frozen Power BI and SQL reporting contract within its declared tolerance. | F3: Every workbook KPI must agree with the frozen Power BI and SQL reporting contract within its declared tolerance.
A5: Metric | B5: Expected | C5: Tolerance | D5: Workbook | E5: Variance | F5: Status
A6: Observed Hours | B6: 35064 | C6: 0 | D6: =SUM(MonthlyEnergy!$G$2:$G$49) -> 35064 | E6: =D6-B6 -> 0 | F6: =IF(ABS(E6)<=C6,"PASS","CHECK") -> PASS
A7: Total Grid Load TWh | B7: 1871.9982 | C7: 0.001 | D7: =SUM(MonthlyEnergy!$H$2:$H$49)/1000000 -> 1871.9982 | E7: =D7-B7 -> 0 | F7: =IF(ABS(E7)<=C7,"PASS","CHECK") -> PASS
A8: Average Grid Load GW | B8: 53.38804 | C8: 0.001 | D8: =SUM(MonthlyEnergy!$H$2:$H$49)/SUM(MonthlyEnergy!$G$2:$G$49)/1000 -> 53.38804 | E8: =D8-B8 -> 0 | F8: =IF(ABS(E8)<=C8,"PASS","CHECK") -> PASS
A9: Peak Grid Load GW | B9: 78.6805 | C9: 0.001 | D9: =MAX(MonthlyEnergy!$J$2:$J$49)/1000 -> 78.6805 | E9: =D9-B9 -> 0 | F9: =IF(ABS(E9)<=C9,"PASS","CHECK") -> PASS
A10: Renewable Share | B10: 0.54608048 | C10: 0.0001 | D10: =SUM(MonthlyEnergy!$L$2:$L$49)/SUM(MonthlyEnergy!$K$2:$K$49) -> 0.54608048 | E10: =D10-B10 -> 0 | F10: =IF(ABS(E10)<=C10,"PASS","CHECK") -> PASS
A11: Average Day-Ahead Price | B11: 124.58291 | C11: 0.01 | D11: =SUM(MonthlyEnergy!$AC$2:$AC$49)/SUM(MonthlyEnergy!$G$2:$G$49) -> 124.58291 | E11: =D11-B11 -> 1.7053026e-13 | F11: =IF(ABS(E11)<=C11,"PASS","CHECK") -> PASS
A12: Negative Price Hours | B12: 1400 | C12: 0 | D12: =SUM(MonthlyEnergy!$S$2:$S$49) -> 1400 | E12: =D12-B12 -> 0 | F12: =IF(ABS(E12)<=C12,"PASS","CHECK") -> PASS
A13: Negative Price Share | B13: 0.039926991 | C13: 0.0001 | D13: =SUM(MonthlyEnergy!$S$2:$S$49)/SUM(MonthlyEnergy!$G$2:$G$49) -> 0.039926991 | E13: =D13-B13 -> 0 | F13: =IF(ABS(E13)<=C13,"PASS","CHECK") -> PASS
A14: Unavailable Generation Values | B14: 16836 | C14: 0 | D14: =SUM(MonthlyEnergy!$T$2:$T$49) -> 16836 | E14: =D14-B14 -> 0 | F14: =IF(ABS(E14)<=C14,"PASS","CHECK") -> PASS

Sheet Power Query
A1: GridSight | Power Query M | B1: GridSight | Power Query M | C1: GridSight | Power Query M | D1: GridSight | Power Query M | E1: GridSight | Power Query M | F1: GridSight | Power Query M | G1: GridSight | Power Query M | H1: GridSight | Power Query M
A2: GridSight | Power Query M | B2: GridSight | Power Query M | C2: GridSight | Power Query M | D2: GridSight | Power Query M | E2: GridSight | Power Query M | F2: GridSight | Power Query M | G2: GridSight | Power Query M | H2: GridSight | Power Query M
A3: Versioned copy of the embedded MonthlyEnergy query; edit the checked M file and refresh the workbook when the contract changes. | B3: Versioned copy of the embedded MonthlyEnergy query; edit the checked M file and refresh the workbook when the contract changes. | C3: Versioned copy of the embedded MonthlyEnergy query; edit the checked M file and refresh the workbook when the contract changes. | D3: Versioned copy of the embedded MonthlyEnergy query; edit the checked M file and refresh the workbook when the contract changes. | E3: Versioned copy of the embedded MonthlyEnergy query; edit the checked M file and refresh the workbook when the contract changes. | F3: Versioned copy of the embedded MonthlyEnergy query; edit the checked M file and refresh the workbook when the contract changes. | G3: Versioned copy of the embedded MonthlyEnergy query; edit the checked M file and refresh the workbook when the contract changes. | H3: Versioned copy of the embedded MonthlyEnergy query; edit the checked M file and refresh the workbook when the contract changes.
A5: The query preserves the 20 reporting columns, applies explicit types, and adds presentation-only fields. It does not recompute upstream business rules. | B5: The query preserves the 20 reporting columns, applies explicit types, and adds presentation-only fields. It does not recompute upstream business rules. | C5: The query preserves the 20 reporting columns, applies explicit types, and adds presentation-only fields. It does not recompute upstream business rules. | D5: The query preserves the 20 reporting columns, applies explicit types, and adds presentation-only fields. It does not recompute upstream business rules. | E5: The query preserves the 20 reporting columns, applies explicit types, and adds presentation-only fields. It does not recompute upstream business rules. | F5: The query preserves the 20 reporting columns, applies explicit types, and adds presentation-only fields. It does not recompute upstream business rules. | G5: The query preserves the 20 reporting columns, applies explicit types, and adds presentation-only fields. It does not recompute upstream business rules. | H5: The query preserves the 20 reporting columns, applies explicit types, and adds presentation-only fields. It does not recompute upstream business rules.
A7: 001 let
A8: 002 Parameters = Excel.CurrentWorkbook(){[Name = "GridSightParameters"]}[Content],
A9: 003 ProjectRoot = Text.Trim(Parameters{[Parameter = "ProjectRoot"]}[Value]),
A10: 004 RelativePath = Text.Trim(Parameters{[Parameter = "SampleRelativePath"]}[Value]),
A11: 005 SourcePath = ProjectRoot & "\\" & Text.Replace(RelativePath, "/", "\\"),
A12: 006 Source = Csv.Document(
A13: 007 File.Contents(SourcePath),
A14: 008 [Delimiter = ",", Columns = 20, Encoding = 65001, QuoteStyle = QuoteStyle.Csv]
A15: 009 ),
A16: 010 PromotedHeaders = Table.PromoteHeaders(Source, [PromoteAllScalars = true]),
A17: 011 TypedColumns = Table.TransformColumnTypes(
A18: 012 PromotedHeaders,
... A99: 093

Sheet Native Pivot
A3: Sum of grid_load_twh | B3: Column Labels
A4: Row Labels | B4: 1 | C4: 2 | D4: 3 | E4: 4 | F4: 5 | G4: 6 | H4: 7 | I4: 8 | J4: 9 | K4: 10 | L4: 11 | M4: 12 | N4: Grand Total
A5: 2022 | B5: 46.287079 | C5: 42.317899 | D5: 43.92326 | E5: 40.131877 | F5: 39.880333 | G5: 37.360445 | H5: 38.359782 | I5: 37.448427 | J5: 37.354092 | K5: 38.545247 | L5: 39.774611 | M5: 40.912897 | N5: 482.29595
A6: 2023 | B6: 42.152954 | C6: 38.138075 | D6: 40.877975 | E6: 36.15615 | F6: 36.323273 | G6: 35.475149 | H6: 36.253498 | I6: 36.307265 | J6: 35.812639 | K6: 38.794877 | L6: 41.090774 | M6: 40.999103 | N6: 458.38173
A7: 2024 | B7: 44.095498 | C7: 39.956911 | D7: 40.192602 | E7: 37.730956 | F7: 35.983513 | G7: 35.704641 | H7: 36.973713 | I7: 36.921844 | J7: 36.646161 | K7: 38.537384 | L7: 41.37652 | M7: 41.383116 | N7: 465.50286
A8: 2025 | B8: 44.17069 | C8: 40.067317 | D8: 40.563595 | E8: 36.341729 | F8: 36.264728 | G8: 35.278341 | H8: 37.035779 | I8: 35.373436 | J8: 36.471749 | K8: 40.475526 | L8: 41.470312 | M8: 42.30448 | N8: 465.81768
A9: Grand Total | B9: 176.70622 | C9: 160.4802 | D9: 165.55743 | E9: 150.36071 | F9: 148.45185 | G9: 143.81858 | H9: 148.62277 | I9: 146.05097 | J9: 146.28464 | K9: 156.35303 | L9: 163.71222 | M9: 165.5996 | N9: 1871.9982
